"Engineer ID","Emplyee Name","Account Number"," Bank Name ","IFSC code","Pay Salary"
"427188EI","Abhishek Ganguly","1234657998","SBI","SBI00027","Yes"
"427189EI","Suyash Nanda","1234657998","BOM","MAHB00448","Yes"
"427190EI","Laxman Nakka","1234657998","BOI","BOI00027","Yes"
"427191EI","Mohammad Chhotta","1234657998","SBI","SBI00027","Yes"
"427192EI","Suhail Khan","1234657998","BOM","MAHB00001","Yes"
"427193EI","Amit Singh","1234657998","SBI","SBI00027","Yes"
"427194EI","Prashant Sharma","1234657998","SBI","SBI00027","Yes"
"427195EI","Mukesh Shabanam","1234657998","SBI","SBI00027","Yes"
"427196EI","Madhu Mati","1234657998","SBI","SBI00027","Yes"
"427195EI","Pushpa","1234657998","SBI","SBI00027","Yes"
"427195EI","Seeta","1234657998","SBI","SBI00027","Yes"
"427195EI","Maya Singh","1234657998","SBI","SBI00027","Yes"